{
  "title": "Discover what really drives you",
  "questions": [
    {
      "question": "You’re waiting in a long line:",
      "img-url": "../img/quiz-1/q0.jpg",
      "answers": [
        "You chat with the person next to you.",
        "You keep your eyes on your phone."
      ]
    },
    {
      "question": "Roommates:",
      "img-url": "../img/quiz-1/q1.jpg",
      "answers": [
        "It is great to have someone there when you get home.",
        "You’d much rather live by yourself."
      ]
    },
    {
      "question": "You’re going on a day trip to the mountains.",
      "answers": [
        "You plan out where to go and what to do.",
        "You just get in the car and go!"
      ],
      "img-url": "../img/quiz-1/q2.jpg"
    },
    {
      "question": "Your desk is usually",
      "answers": [
        "super organized.",
        "a jumble of everything you’re working on."
      ],
      "img-url": "../img/quiz-1/q3.jpg"
    },
    {
      "question": "If you had to choose, you’d rather be",
      "answers": ["an engineer.", "a designer."],
      "img-url": "../img/quiz-1/q4.jpg"
    },
    {
      "question": "You’re more interested in",
      "answers": ["production and distribution.", "design and research."],
      "img-url": "../img/quiz-1/q5.jpg"
    },
    {
      "question": "For you, it’s more common that",
      "answers": ["your head rules your heart.", "your heart rules your head."],
      "img-url": "../img/quiz-1/q6.jpg"
    },
    {
      "question": "You’re more interested in doing things",
      "answers": ["the most logical way.", "in the grand way of tradition."],
      "img-url": "../img/quiz-1/q7.jpg"
    },
    {
      "question": "You’re at a party with people you don’t know.",
      "answers": [
        "You’re mingling and making new friends.",
        "You’re standing at the edge of the room, wishing you were at home."
      ],
      "img-url": "../img/quiz-1/q8.jpg"
    },
    {
      "question": "You’ve been assigned a complicated task at work.",
      "answers": [
        "You’d like to have all relevant information before you start.",
        "You’ll have fun discovering the details as you go."
      ],
      "img-url": "../img/quiz-1/q9.jpg"
    },
    {
      "question": "Choose the word that describes you better:",
      "answers": [
        "You become buddies on the spot.",
        "It will take a few more conversations before you open up."
      ],
      "img-url": "../img/quiz-1/q10.jpg"
    }
  ]
}
